"id","name","line_id/id","company_id/id"
"pharmadus_subline_ph_ebano_piramide_estuchada","PH - Ebano - Piramide Estuchada","pharmadus_line_ph_ebano","base.main_company"
"pharmadus_subline_ph_helps_activas","PH - Helps - Activas","pharmadus_line_ph_helps","base.main_company"
"pharmadus_subline_ph_helps_ayurv_dica","PH - Helps - Ayurvédica","pharmadus_line_ph_helps","base.main_company"
"pharmadus_subline_ph_helps_botanicals","PH - Helps - Botanicals","pharmadus_line_ph_helps","base.main_company"
"pharmadus_subline_ph_helps_funcionales","PH - Helps - Funcionales","pharmadus_line_ph_helps","base.main_company"
"pharmadus_subline_ph_helps_intense","PH - Helps - Intense","pharmadus_line_ph_helps","base.main_company"
"pharmadus_subline_ph_helps_kids","PH - Helps - Kids","pharmadus_line_ph_helps","base.main_company"
"pharmadus_subline_ph_helps_kombucha","PH - Helps - Kombucha","pharmadus_line_ph_helps","base.main_company"
"pharmadus_subline_ph_helps_packs","PH - Helps - Packs","pharmadus_line_ph_helps","base.main_company"
"pharmadus_subline_ph_helps_ritual","PH - Helps - Ritual","pharmadus_line_ph_helps","base.main_company"
"pharmadus_subline_ph_helps_senior","PH - Helps - Senior","pharmadus_line_ph_helps","base.main_company"
"pharmadus_subline_ph_helps_stevia","PH - Helps - Stevia","pharmadus_line_ph_helps","base.main_company"
"pharmadus_subline_ph_la_leonesa_la_leonesa_cl_sicas","PH - La Leonesa - La leonesa Clásicas","pharmadus_line_ph_la_leonesa","base.main_company"
"pharmadus_subline_ph_la_leonesa_plantasul","PH - La Leonesa - Plantasul","pharmadus_line_ph_la_leonesa","base.main_company"
"pharmadus_subline_ph_la_leonesa_relaxul","PH - La Leonesa - Relaxul","pharmadus_line_ph_la_leonesa","base.main_company"
"pharmadus_subline_ph_lateterazul_click","PH - Lateterazul - Click","pharmadus_line_ph_lateterazul","base.main_company"
"pharmadus_subline_ph_lateterazul_esenciales","PH - Lateterazul - Esenciales","pharmadus_line_ph_lateterazul","base.main_company"
"pharmadus_subline_ph_lateterazul_food_service","PH - Lateterazul - Food Service","pharmadus_line_ph_lateterazul","base.main_company"
"pharmadus_subline_ph_lateterazul_herbs_and_health","PH - Lateterazul - Herbs & Health","pharmadus_line_ph_lateterazul","base.main_company"
"pharmadus_subline_ph_lateterazul_momentos","PH - Lateterazul - Momentos","pharmadus_line_ph_lateterazul","base.main_company"
"pharmadus_subline_ph_lateterazul_packs","PH - Lateterazul - Packs","pharmadus_line_ph_lateterazul","base.main_company"
"pharmadus_subline_ph_lateterazul_pir_mide_estuchada","PH - Lateterazul - Pirámide Estuchada","pharmadus_line_ph_lateterazul","base.main_company"
"pharmadus_subline_ph_lateterazul_premium","PH - Lateterazul - Premium","pharmadus_line_ph_lateterazul","base.main_company"
"pharmadus_subline_ph_lateterazul_retail","PH - Lateterazul - Retail","pharmadus_line_ph_lateterazul","base.main_company"
"pharmadus_subline_ph_lateterazul_ritual","PH - Lateterazul - Ritual","pharmadus_line_ph_lateterazul","base.main_company"
"pharmadus_subline_ph_lateterazul_signature","PH - Lateterazul - Signature","pharmadus_line_ph_lateterazul","base.main_company"
"pharmadus_subline_ph_lateterazul_tea_tac","PH - Lateterazul - Tea Tac","pharmadus_line_ph_lateterazul","base.main_company"
"pharmadus_subline_ph_lateterazul_tradicional","PH - Lateterazul - Tradicional","pharmadus_line_ph_lateterazul","base.main_company"
"pharmadus_subline_ph_manasul_fibraplan","PH - Manasul - Fibraplan","pharmadus_line_ph_manasul","base.main_company"
"pharmadus_subline_ph_manasul_manasul","PH - Manasul - Manasul","pharmadus_line_ph_manasul","base.main_company"
"pharmadus_subline_ph_manasul_manasul_suave","PH - Manasul - Manasul suave","pharmadus_line_ph_manasul","base.main_company"
"pharmadus_subline_ph_manasul_nehol_s","PH - Manasul - Neholís","pharmadus_line_ph_manasul","base.main_company"
"pharmadus_subline_ph_manasul_packs","PH - Manasul - Packs","pharmadus_line_ph_manasul","base.main_company"
"pharmadus_subline_ph_otros_aroma","PH - Otros - Aroma","pharmadus_line_ph_otros","base.main_company"
"pharmadus_subline_ph_otros_materia_prima","PH - Otros - Materia Prima","pharmadus_line_ph_otros","base.main_company"
"pharmadus_subline_ph_otros_privilegium","PH - Otros - Privilegium","pharmadus_line_ph_otros","base.main_company"
"pharmadus_subline_ph_otros_regalos_y_complementos","PH - Otros - Regalos y Complementos","pharmadus_line_ph_otros","base.main_company"
"pharmadus_subline_ph_otros_varios","PH - Otros - Varios","pharmadus_line_ph_otros","base.main_company"
"pharmadus_subline_ph_prest_arrendamientos","PH - Prest - Arrendamientos","pharmadus_line_ph_prest","base.main_company"
"pharmadus_subline_ph_prest_energ_a","PH - Prest - Energía","pharmadus_line_ph_prest","base.main_company"
"pharmadus_subline_ph_prest_transporte","PH - Prest - Transporte","pharmadus_line_ph_prest","base.main_company"
"pharmadus_subline_ph_prest_varios","PH - Prest - Varios","pharmadus_line_ph_prest","base.main_company"
"pharmadus_subline_ph_tea_tac_granel","PH - Tea Tac - Granel","pharmadus_line_ph_tea_tac","base.main_company"
"pharmadus_subline_ph_tea_tac_pir_mide_desnuda","PH - Tea Tac - Pirámide Desnuda","pharmadus_line_ph_tea_tac","base.main_company"
"pharmadus_subline_ph_tea_tac_pir_mide_estuchada","PH - Tea Tac - Pirámide Estuchada","pharmadus_line_ph_tea_tac","base.main_company"
"pharmadus_subline_ph_terceros_alcampo","PH - Terceros - Alcampo","pharmadus_line_ph_terceros","base.main_company"
"pharmadus_subline_ph_terceros_andunatura","PH - Terceros - Andunatura","pharmadus_line_ph_terceros","base.main_company"
"pharmadus_subline_ph_terceros_arte_and_artecaffe","PH - Terceros - Arte & Artecaffe","pharmadus_line_ph_terceros","base.main_company"
"pharmadus_subline_ph_terceros_boira","PH - Terceros - Boira","pharmadus_line_ph_terceros","base.main_company"
"pharmadus_subline_ph_terceros_caf_s_batalla","PH - Terceros - Cafés Batalla","pharmadus_line_ph_terceros","base.main_company"
"pharmadus_subline_ph_terceros_carrefour_socomo","PH - Terceros - Carrefour-Socomo","pharmadus_line_ph_terceros","base.main_company"
"pharmadus_subline_ph_terceros_club_gourmet","PH - Terceros - Club Gourmet","pharmadus_line_ph_terceros","base.main_company"
"pharmadus_subline_ph_terceros_disbesa","PH - Terceros - Disbesa","pharmadus_line_ph_terceros","base.main_company"
"pharmadus_subline_ph_terceros_ecibio","PH - Terceros - EciBio","pharmadus_line_ph_terceros","base.main_company"
"pharmadus_subline_ph_terceros_el_tostadero","PH - Terceros - El Tostadero","pharmadus_line_ph_terceros","base.main_company"
"pharmadus_subline_ph_terceros_goya","PH - Terceros - Goya","pharmadus_line_ph_terceros","base.main_company"
"pharmadus_subline_ph_terceros_guilis","PH - Terceros - Guilis","pharmadus_line_ph_terceros","base.main_company"
"pharmadus_subline_ph_terceros_iprel","PH - Terceros - Iprel","pharmadus_line_ph_terceros","base.main_company"
"pharmadus_subline_ph_terceros_lepainquotidien","PH - Terceros - LePainQuotidien","pharmadus_line_ph_terceros","base.main_company"
"pharmadus_subline_ph_terceros_naturitas","PH - Terceros - Naturitas","pharmadus_line_ph_terceros","base.main_company"
"pharmadus_subline_ph_terceros_siti","PH - Terceros - Siti","pharmadus_line_ph_terceros","base.main_company"
"pharmadus_subline_ph_terceros_special_line","PH - Terceros -  Special Line","pharmadus_line_ph_terceros","base.main_company"
"pharmadus_subline_ph_terceros_tabi","PH - Terceros - Tabi","pharmadus_line_ph_terceros","base.main_company"
"pharmadus_subline_ph_terceros_verdu_canto","PH - Terceros - Verdu Canto","pharmadus_line_ph_terceros","base.main_company"
